,index,Job Title,Company Name,Job Location,Salary,Job Type,Job URL
0,0,"Architect, Enterprise",Giant Eagle GCC,Karnataka,,,https://in.indeed.com/pagead/clk?mo=r&ad=-6NYlbfkN0B9Z5kUrYpJSl1jY-NmjPX7HlwbyZlOtE5lNuYxyWYp6wH4w4oCjnyWj2mpoyouuSa3zdazzdopApVWX8kOezezd2tb4Ldpj5SedHuLZMu9W7W9dF-Ob9yCeOj3SBJ0AZWfJ8CjCJVdvYKg7ElTTtDnCl_U313ooQzUFEqb8BQtBMHxDb1FO2aQxSuREyIabalUe4RlilKWPJT9BVDpRLyAqnLboz9i_cRnGG5h-9PBIEH0ErmXvniInkN649MnvlSC25Ejve8QxeKtYT9ezXmv066tunGV4jyWcS9Z7wYqgTCUZidEqRUtXtX3Knc3dCBe-YpcvR-FB9c1uUc9acM6lYTdL5hoQ6ubZd6Wkta6vtSH_-_3QpaKqbeyaixyO05HqZj-Yw3r7WbduiN4WBziVS7j_jHt-820ZXf_eAjebVE0TCLyeQUMnO6dWaLa-WULz3Tnqa55yxbMlKs6ryEhHFp26izOL87sYV6K6d_YMjXyLy0_bNw34C3HGN9MKiBcajFt0SN7ydsyelZIQ98T2NYOeQxjevIGy1NrtiVp6532WOhBLTqs56PL_cu0TPtFXjpNEuotJ9nxpOt6CT1Iff6dJqlgo0EUrMevIsSMgCfdBhB4AIOTjudkOoP9C26zwtU3M7Vl3g==&xkcb=SoCK6_M3GSicP7gHvj0LbzkdCdPP&p=0&fvj=0&vjs=3
1,1,Experienced Software Engineer,BOEING,"Bengaluru, Karnataka",,,https://in.indeed.com/pagead/clk?mo=r&ad=-6NYlbfkN0D63QRoR8NHes0BU6XF05SdLAJ2qRn_ksMIVtdRlLGFB9iUONA4FrCC6w33WEuBxmZeObI-6j6NoGpUs_6m90CBFCGLU8xxUPWl2Hh6hWTwAXFx28OSZZVHC-XZ9AKxxIM-dXHfdhvU5DhYR_7aK_6lRNwdJhia8mOP5YBJ_-e0ZPKvLCyxp6HvWfgyfnGHqyuNH_-w4DemUH_YPumAF3O7ml_HGz1sP2XwgGDobnRn0jmT4acHzw3UhyfcvqdX2-h-kG1swGLugTCPnV1w4tGKTjayeaA1kTAIYz85Ex_kXox-2UP3c2xUN0IfkQjaTixkj7X41rIkTnfBAcyYaXHqg1Wj0_KwUF-xb-yc2_0zW3A9ra6XhwfZ3vCVcMFHYh3OX_iPCgCktib2426RN2ds-CmIKUqNz29DysEuZhQhd4IB01EwZClCmueB5a3gmyEUyPbpzpDU5GWfwG_ShtXoGluW0yd6pC7Tv2XtLZTH-a38VEuxagTgnOFYUSa7Q3PU80ByTM7KrSd9ngI_Us2viR_rsE9FkmFg-8YZZ0I1lyPilGdIZFF_W0QOLgpxYonjRIQ0g1Sv6FciS2bzHZqYofs4gXt0pPo_rfOiiX122UEJ3-vI4joHzbZEFqI9AfzysIeRGHz_Rj9X1dAKw6IGFkApvR-Fr6UwCis71cBroLVfQ0TSY0B_-BgUNz5fqS5Fmw86tmLDsPZj3ZNVY5R9ur3Uo54d1WiIluJINtDFWAYD1TrvGnSPuJplgfYmQMZxebyrDCBa78zPn7FWtYfkDuGS_uKlxyz4t6sFvSCTyHwYbV-WiUOsiMe3jME1WM-DjYZizNAKVowrJzbRfFUE&xkcb=SoA-6_M3GSicP7gHvj0KbzkdCdPP&p=1&fvj=0&vjs=3
2,2,Business Transformation Consultant: Application Automation,IBM,"Bengaluru, Karnataka",,,https://in.indeed.com/pagead/clk?mo=r&ad=-6NYlbfkN0A1u8bTWCARd0OzCl_mkgugKCdKaSDlOzxcAo87zAsvVSmtxaOj2e9qYuTXvO2e6_P-GhBc2wTFXeaYIqZRY8znDFWRVTldSoYxQayK_EQO6hYv8y3RDg9c0v3NFUjgzWtZJeCswMSb1nNLCqzdHbjQ3pLZdAq76dQvESuppW2lJ-bs1vX3St0BlVX3nIm_ja_Z5tmJV7X4L1IA011-o0m7TkbFmqWVK6pF7ai3U2owUjS4dXxdq-IgqA0Oea7d7vfLXFCkckMvCsTogULlVhKaSi5nJZagNh0qAdUNBbBsGPaRhGmVQX2Sl4drOjUVW0lchbnknDIJp8GGMSqM8oHV8j89Wj6XUCGo29VUJgP_aOuOxrDrshNl258YdDYWz69D2cOiW08cBRFSFJCO93VpD_ZqGQJkrjTSbmWWYvuo3GmTmQg6_-UflkoRG03SguT954Ww9VPKP_Tb4of-lasBGZzR42FwiLtKM6gwJZ3lM44_EUcZ1HGPIxtw9z_sIncjjqjpfYxR73kzRdXfhjsomxmyA69WXQJz_lVSH5h4gQWHETug-5OCc_1QnuQUladJ6E1C0AbJ2jbOZhttI-5tIrzfNGfW35zjN3a6cXsiiMVrtyS2V2M74MDRf0x0l0g=&xkcb=SoCj6_M3GSicP7gHvj0JbzkdCdPP&p=2&fvj=0&vjs=3
3,3,Data Insights & Analytics Analyst-1,Telstra,"Bengaluru, Karnataka",,,https://in.indeed.com/pagead/clk?mo=r&ad=-6NYlbfkN0CdG0mlcq8sM0kM4Z0XjE22y1IvS4TfdSBI7lJNBQS5z7JpQ3_4tlP2Z1SxCDGvrdlkhi2FR0gNP9vdHt4f7V4Oo3ytjWPY11G7PDj_8Wf2Hd--Rz4n7SvRrRn7cuy0om2ChXiL4nq1q9FUsyVuJOGUEkYl_JDS2CLywosuEDPbafRDzltuhPqLNaH_l_azk0ZVVS_L947l08b4oqFohcMVjSoudMKuA3eH09y3Ii8h_-5iZKG-Vi5UZ9tPGRK-SgPRyPlm1Pj38Wb9iZoPpEzXz3IEHIxPcwVBTM-6Z0AHGWbVmVrGiZMbVmKffOF3wRDl3g9lnv2fw56G2tfCzL_8xNBFvdhmGWAkR-pwRkB89gYpLk9FJ14cTGoubMcilB-H4WoQCRUyr_JrLW4e5AHGIJzBnTKHu_vXe7o6jCP73IKF4OHjG78MqJe5S_Xj4gXJP40k2EU6hHsajg7C8ZbIsgf4DdeCjoOiFiQ71ca32tvHF3aiGqIPUusBzWuTvPiLyRK5ATcXQ59-JFhk9nVhAWnBhhExW5hnVMmUINRKm6rQUfNFh-6ibPA3es2XIjy9mJSxhmjC9m-6Su1pPCWoUc7IQcYGI5p1KCMr0XHL347AAyUX6-65iNGLTXVue2cPYD_KeJyBRb4xsTw0fet_7B4VunZXI9i0uHeN9EW72mqE_8emo4Qp1ZcCwV27B2GXx0Rxm6GZTK22r2ZmxjjoasFnKHN16K0jQwy6WOYP4YmG_w-4UhrDKfaX9etP3ExFZieMhMIz4fAw7cSIULEa&xkcb=SoAX6_M3GSicP7gHvj0IbzkdCdPP&p=3&fvj=0&vjs=3
4,4,Senior Engineering Manager (People Leader),Capital One,"Bengaluru, Karnataka",,,https://in.indeed.com/pagead/clk?mo=r&ad=-6NYlbfkN0C3j_zLGvpMLCdiZ0WC46XqVTA1VMZzOzKXPhAXwYlrNR2M821dYWEuCwYREswJhDHnG3aBtlmnpPP9GuGktlzxosPmwLiNrajwojUGdWmt_fsNBjvMtOceP1WJ9OZ-E-ZmNdgOFtgL2-3FnIi8qF_p_Frc1JU4QKZEXVvhLLp9IQ3YTzopXMG8jtGmpE2HYJqj7HnnpF5Kil7IC_4WG03EWhCL_H0ZgHlcAdMvyds6AAnWCPGtd_F2rkCgQ4aIjrz3Pb7wPzh5hdyr9CgS04EOqzzicmOfxTxDYjlxR2TfYnsXU_h-BvHhTNg8E9QdNrTmFNmKJCSRni17eXh7oSHA_VpFBFbQ1s0k9I_yYma7Sh1MWBpPC6W-YIKHX-hA6RTDRqIijNcLKFzcM_N_u7Yr_kDpwnNmjyJWdtJeuKCLkzNiVGRUxNbJd79_gxSG3hKXEvM1T17jgBX7VtH4u-pKT0IcrFy9rYTIpNhEcwTtUAH0WecOtH6aQcqkO4uGZB8P_PzRkPMLuUSSyfOfJgKmSMZ4YL-RHJ4z_7O5Xx5icOwojeIxQ9jA1Kss9DQksQ5YD-tV-f5wk9fLmv4pLlmt-rBShA_1L8vpsvv4JMKYQtWMasq-gpniRwyf7RaUHkmjqfkBQ414Lnfu0efWjEJWsgkgb3DK17ln-3UXgaS2TqUih6UvtdPKp7NjfKH1nBhvfJqP4OKEeHZzFkby5D9wMoya34AMmuaXoR20tJ_i04YpLgHWAxYh5Tpf0N_kUvg6Bnwee7RSZmgWSiuJZL64-k5cc1YHg32_tRH3z_vHZHKb2hGhq5b1&xkcb=SoCZ6_M3GSicP7gHvj0PbzkdCdPP&p=4&fvj=0&vjs=3
5,5,"Advisory Consultant-GenAI(Java/Python, Artificial Intelligence, Machine Learning)",Dell Technologies,"Hybrid remote in Bengaluru, Karnataka",,,https://in.indeed.com/pagead/clk?mo=r&ad=-6NYlbfkN0BdeCH3wzlYpD364Be5JbcCJKJ8S-TlvC_iwEgvLx09tb_xo6eqrhcM9U0QANPz7Ab0169DwUcSd1Z0Snzb6HMpsqxRPler0FTr1YsA7xhc769yHotHvFSjITpsd9Qb7y_ojqLtyyVHBoOaVxWPCr7gynTxBopRcvV1Lf2k-1S66nk29xHMLggDvuq3x7TKbl6sOwQc0vsCvrNszLpRKaDA8Sjz7eGv5xyF8aFs_ByNJoJ_QZDCoISwTBNY3sQnqmHe_o1wvw0HnLa4bbHH8JtEGV_aBS4WlRwng4H7w3dZuBCiootU4W1uvyL2sTUyBoJ-hlO90Sqrlprp9rWD6tiyodxwHbxZ0TmNQTuFEn1mj556dRmffkzhNAquUziZLaTJxnDjDwXWYBGP6Ma21zdvGNhv7ItNJwMvS_DosAlO_VrgXg73-G5eGt6a8X4r61kuaQZwx2IITsYimGywj-YstOnlH0kx9KWWUdIW5lDidOoe1JMmVxZ-sJSPRH6sTGDqkKOJUQdCMY6JShBCTtVunYtuh4RWC6RIeFIOBvOKto68qPxCYFp-3bXeymzTZJnj3hjQQyaqZk0--lLz3Gqz5CIPwIII-DVqFCZtBgrntUOcHdbwyO5h0H-G-US4tCmiS_B5G_CgBGsI_koBcTd6SNAB9vUyCp25bvMCSC1DVS0MScfWaVgWAdXJY2sZtAgOWp9dZBqVVrWGeZ7t27adT_vJ2VogdPT7D-Cw8wpv-ush8tBlCvoMEa9PHoB6wqDOLAJ45IOc0obwxzevoBb5OuCn-SzKIR-Y7HSQcHSYthYt8z_89Nr3fJmQxY9e5RZoNZWBMwcgyOMSLK3G9b-Tt_JdM7wUSsmFjZ0lFMEN3FA_hzcWAhfrAJwB1dHG1CcGXo2PmF0F44uTKF9-NDqetOllfoN33gz3GZ4PcXmEOWhSdm46riseq5sV6tUOajrDz7BFic0vL4eQyCJYVVBVKAvVVrjHmk7pzLRWgmk6_bUYLzWOhSjXIRpnTHIuo0FNbnamVCl9zPETuXwg2SIHAc1WT6Edwgw6uj5_lGdsEV_vaDS0qu4URKGgXyLvGoqzU6VJH8TOKu-2dduUswtxz6_OeW6SkVBa2OTdPvcR3uh656piw_zcbkfffaSza8b4hO0jVg0JMyKj0HR8ZHIuzSh2SGG89x45J3E0ZtkPKmrRXc0Yx2yWy2FQN8jhA--SU2_wilpn1xsnm9-n-f4GLIJff_OYGjdbSCpYidXIvHMx2sDoO7HgQRBiNZgxxyApjnhxEg4Auw==&xkcb=SoAt6_M3GSicP7gHvj0ObzkdCdPP&p=5&fvj=0&vjs=3
6,6,Solutions Design Consultant - Data Science,Affine Inc,"Bengaluru, Karnataka",,,https://in.indeed.com/pagead/clk?mo=r&ad=-6NYlbfkN0BwZMfw7SBti8H9wJxwEoDSEEftgvq2JLfMR0Gb6nUhDtGAYDflPfwGfVc8dYPZ1NDqJWxVpK3LGe3n3uyyK1Qvpwrz4kDILSzLT_lr89wU5-sv3RMiIKU1rqhSnOS5ho_V1wbFc9kKPUlgDDT8jGlBvclljIFp44iPF02eBRQ1DZ-EzRQeP9JSNGHVj-UB9ijFUjiXCSlkhRiY2azuWFlHAwpFzejODJcHEac0p3YPLpMHwID5ruNl8GMDb4Oa5FzGVKtHsCTBuiocToFwyAzGtV38qAR-IbL_PP2xV3ejQWJpXSeVvpocGOEPZRUoPpl0i5TMs6YlGe6quTBssxtW3z_trWiKmDw3gogBaAkAaq62TU6jQdo4c-QszlR75vZHKScMsaKwcVvfRW_6j5TXoTEhT169dUQ8LybzmSTVkW6D9YhmibXVJJkeJZXWr5LDF4lCSaOpmEjy64oIH5WVm12pS9wJnnzB5RxR43LER5N2W5Wss5u3axiFOP94BCyo4VW4iTU0Is_p1SYChd0dpJMn54fLCuWisWi9gUKANhUlMgmSq-PTJT200xk9ezFMI3RWoK5vbV_ELmutxiUAH3d-Hc5wUqvWZLEvLwOTv4I75JoetC6THiN7joi1FkYMROcpZUTCKaY6ZHtoak58vQxwoge50po=&xkcb=SoCw6_M3GSicP7gHvj0NbzkdCdPP&p=6&fvj=1&vjs=3
7,7,Cloud Security / SecOps Engineer,Pearl Technologies Ltd.,"Bengaluru, Karnataka",,,https://in.indeed.com/pagead/clk?mo=r&ad=-6NYlbfkN0A7_pxhtDqa97PjiqjSU3RI7TYWXRVAE9MhnZ-CcfEL4dxnBpL4P71lfgxbiysLC1ZwhSY2gHUbIWaAJnh0Pd2xvsJSvmR_6KXAsjtDVGWFkQYtPzJ2nPayojhmk77uIgHy4h6Xah14SEhlEuEgoODbQ0i4IhAWPqGymiSxgwCEga0RwaLFP9b6olUFcRcqGfyPwh95jkvSDfUdTcnHPO6C3WMf-c0Ro9y8lZrxgUy7jV-PaB2Eng5wK4H-Klz620t2a1PXU8CJUyQtobNMcMeAFR06BnLqCScmiB_DKI-hCMBuGB4ngd0lu7jL27S4XATcmYx7M3mHLfJwgc24M3ixjmIQx3vQPo_KGAj-VbXSPiMDtQWIYTGEowtgvk-LZRvPVxtlMigGleJtVaYQFL1svCKEr4Vt-aLprZKuhhadtV4CHwe6GJGPMPq9b9tWn547i37suJZkDWpnk6S1B--a9kgflRe4IAVjnQoKTJK1N-wx-5bN77ZLGGtIn3O2YYx8UMJxwCn5x9D-Sxt8-sVW3FlnFtw2JKjw8y0YjHx0vbAsFdn-m5TVID60av4XZ5Bs_EZDS2gkSEvDeWZR9BPowVTgid38xYEYjND1NPRU49lAlDAQELymt9GxgRUMBg7Yvz-72NegF8_W2NxPiqQXC8rSx1e35Mk=&xkcb=SoAE6_M3GSicP7gHvj0MbzkdCdPP&p=7&fvj=1&vjs=3
8,8,Avionics Test Engineer,Actalent,"Bengaluru, Karnataka",,,https://in.indeed.com/pagead/clk?mo=r&ad=-6NYlbfkN0ChYVx_I3yfZ_JDY3EFoivtqvi_stwnZ_kRt8Dowt_l_Z0IdIr5lRTxBES6tsgEGBnbjL5XljSs337QLJMpEODUQVWggb8tGBjRlrmP9XdNH-2Ts1il4_5YJQhD5_GifJ_rcnhAI_xPr7WggaXDtyETg7z43P8FWZwllA97C9rwidmkMCLBMZAl6QyPN3rEcZAvPsPKmfLo1-DBBLxxwlq1NvYZSBgGcs_Pv1j_pWpkOnFti1TnoWifrtt3a7Js0c_8V2f5GDv7g7F1s1UzJQsOzky0gyNteaxccSOyndURnt79EaJFfVH6uWHIIZpEywV4ihfwqGTjfOJ3uTOje-AR3r4TTbs4Fb6jRaUnXIAKAq8AJoPBQCQ3FkLvDOnJO311cQ0HgK6zLP2p5t5bTHgoeg4h4JcEaj9_zBmsxG28QjXavnSLGwUKuc9F2Sg2aEubCavQvo6Lzh-58FvLTQO-zFOlT-EhDJhE_bZaLP8H3P1IEEV7ph22nGumCjsk-gUU7WEQrLZZRiqpdyX0omSvjVDEWm_LbixZSnqfk8moMC8Dy3rh6AXzhSRE-lCnin2jCfqAvkxhuwD747SF30i_p0kduHZ3yBb-7rTYZZG90ncvkVpwUhSsYxgPp02o7Lw7AIOsOx02XpxyM9ZBH3idrj2crIX2ZQrPd_c39RAnvCCY4qCNuoaGDOdJjSCcJHeOxVDmrIHuHvrZRJEwGvxm4Xke3ixUMXZQNuZ4Eh3CuTtbXOJ16GwbeLgY7gZuxAtHcWNzAds3VW0RfVNlp1zwk6H8slrLMVbufH6ZeuhuBlbwH18q4P5hoclemNwf7Rvlqq75LjrzJmoh-G6OrOW66wfgH1nkznIMvr3vM8mlU3NdxR_4sJtmo4uJcd1Mb6PWeguQz4fgg9_-3aOBTbgqafzRMft6cCnrXH4wNhnO2rtQacPgwk2RDCsBqkzpckXWSjUebBXrH8O-u2I7xt0VUIVhp6R1EbcL2yXr8pQ-ZdogSzQcHPyXKJpz1sAYtp9HKRTUJtAGPw3JzJrPLMPGCgMONyrGTN5jHNc4cBwiaz_qNAP6knhgpIrLk3xmjH6fJIPMnRu24mpgk1opIlJ4sYNecCovRbEu4qah5joql87_JPBGFu7vwntZDLRZ9cGh9aZuVNVZeA==&xkcb=SoDt6_M3GSicP7gHvj0DbzkdCdPP&p=8&fvj=0&vjs=3
9,9,"Senior Data Analyst, Client Ops - X Delivery",Boston Consulting Group,"Bengaluru, Karnataka",,,https://in.indeed.com/pagead/clk?mo=r&ad=-6NYlbfkN0Ad1FFWZOsBBwBZDGouyCcICeLSd3pQct3wJ1q5dPO7JCLxsMmJvGzlX6BzyZBoOYkYeUbPulJkZK9_hFAmrY0lmXLv_aNoZzUqIn1HNHl81WBolZ497oGhVJZ9arIr5ICGyQMmW8j5fES4qE2zF5g6Z3tRqYwsRi9IpcVsxY2D9SDmnynufq4EhELKln6fUFpn9Det2SxRZ4QZRXYVRWdCxhAmktVksnQ-0aHkRDov6ZTI6KfwrnE_7FIkHAGXe8G2PTXLjj0sxmtyThaBEbjfweF5od9iRtfYa4PJQu15wEBymdwNNCQmO3ewLCC70ksDJoTvO7M8wNLDtCnvzG5mao-kkBvevv5gyIReJalXVjO7rMz5PPwB9ZVviuEb05TTaRlL_gWkY8s4pbhgwTqQJl7Ew2K_tWYtFeeMfWd1QxuG5DugqlY8WSqY7xKSqZT-01w_-nRpJesJkfvyBf_Hc0lhAlnUJq2gg7bvzUHG9kdSRCgT8htB96gNAwiewdjDc-1sNi5z5RZZ9k2xQ4_MC22ihwahpzICWyp4noDRiwjSsrEgyb5q2eD3pJoLUdjhpzX_p5Swyh7BhAt_qwyxC6XNQZsgTX0hvUXWEEwlqcUtq0pb2dFfbT1g_xBeYYRGmXgfd6fh0XNt8YkTR88P3V8LAwBk3z7gW4KilWRJWKz8A0BbPwh7qxWGYq6HH-LhBpeRr02uD9BtSBWh4ih2K8j757noRpIx8FnsXQ9EkjTp4SzSO7QKqCJlkAl5lc5tRPKOoBjgCIFR3oOs7K3pyOdMRJN9xsDhRR772tCDEGBdNQeZKpF6RkvfBF38OZK_1-K6OqEBcoinKxm2HgWGtkoO4wumKIJK4PzKrgLq9TSafi9ZPXTP-KW4MKHts7lkBhfEhm_Km4jPWe5XnM-xZV43T8tXSMf2MKBqYLQjufwdTAZXuKCCIdGk-WLCrrUf3LGCmvWR3Akxzn6sI5hiZaTrHosLSuKIQYMr3RziEstqtRivgm2_V4X7p4bX2EvH1HdCb9a32k_z4cUpcHYVPHvy8bkjqx9ZGlbfxMP-JzUHHPTRQfKDgWMZslc66uWBjFvJ-YRgaBd53w9aDMdiuzcbsh2kdHk3T-1DGSRNLO5uobpHgFsSOcI513v8v8XoFi8ZbbqwmCEy0B8gsGMy_f5zD0Dq6c5_McgkLNvtXzWGEGnVisbjhmH_lsUtGiO_BQbzKCV4R7ICq-v1lzGfDv2d7NYeJTorCEptS9iBvzWtmP0Sqm7DjTR68L6MmNjGGf1ofPpje6PLTDnOhlVjbct9TjagI7xLpBjyIGO4TA==&xkcb=SoBZ6_M3GSicP7gHvj0CbzkdCdPP&p=9&fvj=0&vjs=3
10,10,Data Science Intern,Discover Dollar,"Bengaluru, Karnataka",,,https://in.indeed.com/rc/clk?jk=59b869b25c9caa7b&bb=Azb41t-gv0qI9hiVmU3DjlFVFv-fUvE-4XHUqkekuq7v7kDHCOcS2JwE43w6r1kU&xkcb=SoBo67M3GSicPLQsdh0LbzkdCdPP&fccid=0fdab4af157863d9&vjs=3
11,11,Data Science & AI Specialist,ABB,"Bengaluru, Karnataka",,,https://in.indeed.com/rc/clk?jk=1302cbe17abb10f6&bb=rq8UsV1II9O7ct6IBXRpWxdFF95DgjYELr4Oh2WYkQDjPHlmeRc6bACqOZMSLCbb&xkcb=SoAt67M3GSicPLwsdh0LbzkdCdPP&fccid=38b4474838e7b7a1&vjs=3
12,12,Associate - Data Science,MathCo,"Bengaluru, Karnataka",,,https://in.indeed.com/rc/clk?jk=0b9d71467322ad4a&bb=rq8UsV1II9NS_KfkAyYb7ZL7Mck9iA8v12PpimT92Y2UZ8rA05ThTVpOpi5NzhqY&xkcb=SoAE67M3GSicPLwsdh0JbzkdCdPP&fccid=cecc9e967857829d&vjs=3
13,13,Distinguished Engineer (Quality & Test Automation),NetApp,"Bengaluru, Karnataka",,,https://in.indeed.com/pagead/clk?mo=r&ad=-6NYlbfkN0DUIUKNmkO9eplQBWgjWtyZTeBIvNV_K-f7eYqnE-qDJ8bApFfch6MTIOLvSu3-seGj67j2U83c8PP_J7CjKMN-d6YfeTNPvPij_ap9-3KBzWqtiH-fUATI2TzdJlF5BFUVskj9Q9t1rrxBJCs-VllcTACWCdESidNVI5p9zBGTMlZNNMQPohfoYC8r7hJWQPVi5TUO3wmc9VvYN_VFWK8FThZZQiWWVScK8NH20abbQJd7C_acm2va6kdsrJt9G5e4ZYeI8WUaCg26yd6y_MLHTEhvnwsLtfORsJZtIdRYRnkle_cdFktoVOjIlEM5VI__iu5fVF8Iq4bWN1kZJ2FFFQe1fsr1S6WZ9_ZK4wiWnU9acouqDbB-hcURdZCU8-mm5Ji68VtAvWAo4zUTd8VsvO_hyZZ_hh-AoF3m4ga-mikdJEhUrzFslUoywF_nEm6qOTxrzEoq64ce2Woqxnzzt_5VnhS-1Z1wTB4dIGtf-YgQONTbd7MPsHUuDu09cjSvNtR2ROjJNT7m0qKJQzOruAyTwhP_Od3aSEIJUy8zsZE1u99JrcCR0l1XEwI_bNJfNbhm2bG1obLWrna6t6RzRW8w4WJio8ewaTCkzDHopBpU7geZy9NEwGDCUOoL-E7UY0AVsUPhnlyIZ68sMPAroLSypBK47DLMJPrGaC-rvoSClNXACmkwQJorytg_fzfJzB_f3R8FRgbl4f3ayMEpMWmOgLm9O8hAcYWKQUDPCiDqAy9QyQd5XpjYsjKnl3eElgX0rdg5UcWjfqF8FHKt5hQX8hgAQsOJXIeqfYhyZQ==&xkcb=SoBK6_M3GSicP7gHvj0GbzkdCdPP&p=13&fvj=0&vjs=3
14,14,"Product Data Scientist, Pixel",Google,"Bengaluru, Karnataka",,,https://in.indeed.com/rc/clk?jk=d640c47c34b67b79&bb=vaMGwhKNJI0V-wjsMYAMsKSMR0ECxiKYuQ9AOpQpUdIpktz8-cj-et_D-VnRt7dS&xkcb=SoCj67M3GSicPKQsdh0LbzkdCdPP&fccid=a5b4499d9e91a5c6&vjs=3
15,10,Data Science,Aliqan Technologies,"Bengaluru, Karnataka","₹70,00,000 - ₹75,00,000 a year",,https://in.indeed.com/rc/clk?jk=a6ec06126beac63a&bb=V81USodbLYaJNBHdpjhMe9KfquBFFromuibjb_u5LInGaTAhMAT-ZqTQ75GGAqGj&xkcb=SoAt67M3GSibudAIqD0LbzkdCdPP&fccid=0c97edd832cbb73f&cmp=Aliqan-Technologies&ti=Data+Scientist&vjs=3
16,11,Data Science,Infosys,"Bengaluru, Karnataka","₹22,00,000 - ₹40,00,000 a year",,https://in.indeed.com/rc/clk?jk=3469101cce15a763&bb=DkuH6BNUBzsilrRk_ui_de1cuU014bHmGCicKx81KI_TN81uxnpDNvpvK84fobYQ&xkcb=SoDc67M3GSibudgIqD0KbzkdCdPP&fccid=c67533a523c83a4c&vjs=3
17,12,"R&D Officer, Human Microbiome, BPC - Science & Technology",Unilever,"Bengaluru, Karnataka","₹20,00,000 - ₹30,00,000 a year",,https://in.indeed.com/rc/clk?jk=50d5df23a2fc0b70&bb=DkuH6BNUBzsuOhetbwVww7-KEOZT5mHLe_F-OqebqL4i0WMSldk3O7nefzZX6Ond&xkcb=SoD167M3GSibudgIqD0IbzkdCdPP&fccid=37e886222e0cbb3a&vjs=3
18,13,Senior Software Engineer (File Systems),NetApp,"Bengaluru, Karnataka","Up to ₹18,00,000 a year",,https://in.indeed.com/pagead/clk?mo=r&ad=-6NYlbfkN0DUIUKNmkO9eplQBWgjWtyZTeBIvNV_K-f7eYqnE-qDJ8bApFfch6MTIOLvSu3-seHUXupKY2SDHWkUz34sMXdlmI78cPP3rYe8w1yoTKltLlbvtxcmNpt9Y_y_EBtzwjpBbfCHC2X_C26tZo0nlmX9FSFzZG_gyz5g4jyn1ort2zH0evjuPUl-6f5_7lIGAMUu9L-ifdSUKO-mzPDfG5Y6e3AI89jeBXn5c0WYf_C0u3-trT8Ps0vobuCmgn1OXuPSOi0DU72PrAHc--vFIulicjHJc-Gj1b802-Mns96VBei8s9ZwFykn48RkFb4y2MrOIdmpubzeqSIl_TnceYYx52AZ042OAPQN0oaqo4JxXvMRGrX_yZDhrvfS03mvd1t7PnbG3G9zfbuV2wE_5wCYQQrzVrq-f5lRMuw7UVOi2U8XxxstabzjcIeeRxw4oP5G5SMMiI-i0X_ooj_2b90BYIm7od0yvhPbCJa4EfuvW2-1wzJBFLv4kkcOZnwZJNpj70i9-LbgmzOimIGlsGc0bXmqyzgKWzTh8wvgTlY2WMpbBKXAFESAhAtn5MbhjDnC6xyrpAKWP6vFntF_mVnToF5ucPP_q4nKq9z0GZDol6TEJO3suRmRhsNTPNEXZIfBowfbPu9BUT3RYNYyCxAPXONIrFhMtoCzC7t0M-hCWH9pV1WQ8d0Jgopw_lMY-V1iGwFihEOhEw1WUXxFXPtalqrQS-kPKgI6lSxncS5Ud1t6KDRhLoVSNlfSJQq1eihcsjSJfhEjBE3KjyonZGkIKRfuOHhRHzk=&xkcb=SoDW6_M3GSibhKSnWZ0IbzkdCdPP&p=3&fvj=0&vjs=3
19,14,Data Scientist,Bullsmart,"Bengaluru, Karnataka","₹6,00,000 - ₹8,00,000 a year",,https://in.indeed.com/rc/clk?jk=bc9de217aade494f&bb=YQRKPYzUiQa4R0c6AIOF3Od3ty9jVp-EmbssdilEOjlfCgjRwkdjbKC-qhlNVlvr&xkcb=SoBS67M3GSibucAIqD0KbzkdCdPP&fccid=0f1bc8947af61782&vjs=3
20,15,Data Scientist,HUBWORK,"Kammanahalli, Bengaluru, Karnataka","₹1,00,000 - ₹1,10,000 a month",,https://in.indeed.com/rc/clk?jk=2a2f2306f866ef4f&bb=TxdyAH7xypFOOzd2Jwz53OKQNGbLep5ID8QyAygG0yFPE08kbrQVoRgUU9CVLbvl&xkcb=SoCj67M3GSibucgIqD0LbzkdCdPP&fccid=d173f796fbb4780c&cmp=HUBWORK&ti=Data+Scientist&vjs=3
21,16,Data Analyst,Episeio business solutions,"Bengaluru, Karnataka","₹15,00,000 - ₹18,00,000 a year",,https://in.indeed.com/rc/clk?jk=1ed73cc21fdeae25&bb=TxdyAH7xypFyVURGVLyy2TOHc26ZSIVNn2s2Js7zoIFFjxWRgjdkXUA3fJsXoZLd&xkcb=SoCK67M3GSibucgIqD0JbzkdCdPP&fccid=c2b0e32833b86479&cmp=Episeio-Business-Solutions&ti=Data+Analyst&vjs=3
22,17,"Tech Prof-Data Science, Assoc",Halliburton,"Bengaluru, Karnataka","₹30,00,000 - ₹35,00,000 a year",,https://in.indeed.com/rc/clk?jk=8cd802a33d4ba83e&bb=iERJuy7IGXOTro5XqFRXafWQg45DED_6tE4isYym7nTSwfYr1cGddXXIyMc1-d4w&xkcb=SoCw67M3GSibucgIqD0PbzkdCdPP&fccid=0e4554ac6dcff427&vjs=3
23,18,Data Scientist,Neurons AI Pvt Ltd,"Bengaluru, Karnataka",,,https://in.indeed.com/rc/clk?jk=35af987a928aa8be&bb=iERJuy7IGXPIEdC5FzuTFGqoVDil2sciX0ZJxuRtifYvgDXAgDwnE0aO6LIjx6tM&xkcb=SoBO67M3GSibufAIqD0KbzkdCdPP&fccid=c7d347f6b558bad2&cmp=Ai-Deep-Technologies&ti=Data+Scientist&vjs=3
24,19,Data Analyst 1,Merck KGaA Darmstadt Germany,"Bengaluru, Karnataka",,,https://in.indeed.com/rc/clk?jk=164a462dbb53ae39&bb=iERJuy7IGXNUduV3Tx9JMBDfUl8u2mMXR2eU__NGcHjQj2rLPHxWwwtIMswREi4S&xkcb=SoDp67M3GSibufAIqD0PbzkdCdPP&fccid=68d0e0954a811351&vjs=3
25,20,Data Science Engineer,Appson Technologies,"Bengaluru, Karnataka",,,https://in.indeed.com/rc/clk?jk=b254055bcbcbfe64&bb=igj-e2GPvryrdH7vu_Rn4Zf3GUMkTdxrnjsMkWN5zs7dp1bKcSIaeH0pcV4MagFU&xkcb=SoAL67M3GSibufgIqD0KbzkdCdPP&fccid=8d4dc331fb54aae4&cmp=Appson-Technologies&ti=Data+Scientist&vjs=3
26,21,Data Scientist,TIGI HR Solution Pvt. Ltd.,"Bengaluru, Karnataka",,,https://in.indeed.com/rc/clk?jk=b45a217652aab5b2&bb=igj-e2GPvrwfAEykIb_eEzztdKHRNp4Kfmu3u0LjsWmPa2Hxa69yO4dmDo-u7xWr&xkcb=SoAi67M3GSibufgIqD0IbzkdCdPP&fccid=22eed8fbce5a770a&cmp=TIGI-HR-Solution-Pvt.-Ltd.&ti=Data+Scientist&vjs=3
27,22,Senior Manager- Lead Backend Software Engineer,Capital One,"Bengaluru, Karnataka",,,https://in.indeed.com/pagead/clk?mo=r&ad=-6NYlbfkN0C3j_zLGvpMLCdiZ0WC46XqVTA1VMZzOzKXPhAXwYlrNR2M821dYWEuCwYREswJhDHuvVMV4vVSQtKK9rXxK7k67LN_vow3mgGmDWvX7y1mZ24Pr8K9jC9uApZ8R5-syeAhuZ_gKldRaDXK9FDhTPB2k_lgwX-a3KIoECNTqTXFqzp2l1HHnwvlnLnAXXyvZRlsQAeW3xwS4pr6_bj-EXZ1nLWVfERc2vYjKzjEERlCD1c2DsQduQWzI9AU1dSYZnjfMngyimhUlAn_fx7knzsyCp5nX_wWJl1XbkI4ZW_Ynp1gpcvg9pzIM5kV-kqiNQrKnMKANYk_wzKglI7FdAGA-eRR1nKScKfhDowiZfZIdL1VZ1jHmiVNxOWO04zTTlDjWWMyowHzq_8ncycw6adMH2hVyeYvPWUia1jcumaxPlQMlg0mI5_2uyN2Vw8U135b6orh7xLLTVNjy6zBzpmcjZoyUL3oi-XaUB251XtrTlNIif3ojCoy7ueb9KHtEGLIPUiA3hNaARjZl-PNdjX5BEaI5mwoVZA-KC_uu5rTSizf7ds6dvmWI7e_Ecxkdi9ovrDhEjiRHfzfDxoJvQfsyrmJOvixJS73Za2AShuBza-gm1CbExlCe47tLgA7xfDBpD11PjhzP_G9-PBju5ug0T1LvLQTAUA0mx9KuwT2CMA4_pyUCVD7CodhFr24IKl6ceqCLtP-i9WNuv7jUtmhKKcpmeJvbBCnrChuXSzG3xTzwAtwYm4isdGZXRHfux7_iaE4GqEqfoKfdJm0YFOahVfE4lcQrp9wdAqVphUOYA==&xkcb=SoA_6_M3GSibhKSnWZ0HbzkdCdPP&p=12&fvj=0&vjs=3
28,23,Data Science Associate,Metyis,"Bengaluru, Karnataka",,,https://in.indeed.com/rc/clk?jk=ba1761ca1bfe4762&bb=bESpqkXDkZ3eJxn-VLe9cQIUwEMGx2xMTVru8_L7WMWrvo_iiPCyalnb9Ag96TPO&xkcb=SoCF67M3GSibueAIqD0KbzkdCdPP&fccid=f91268111560b4d5&vjs=3
29,24,Lead Data Scientist- Retail,Episeio business solutions,"Bengaluru, Karnataka",,,https://in.indeed.com/rc/clk?jk=57421dfc8d63116d&bb=bESpqkXDkZ3YlhKV2iE3k7mYbhacN-IFbpg0nZvi9dqcbN3r2Uq0n4uRjtAyiWqM&xkcb=SoCs67M3GSibueAIqD0IbzkdCdPP&fccid=c2b0e32833b86479&cmp=Episeio-Business-Solutions&ti=Lead+Data+Scientist&vjs=3
30,20,"Director, Data and Analytics",Google,"Bengaluru, Karnataka","₹5,00,000 - ₹10,00,000 a year",,https://in.indeed.com/rc/clk?jk=1f705dbdc0d8cf03&bb=PJUSyEQYSs4kkc5eukL-3c7Fp5zVbb7tjvcfagbDwYjWBWbJ909JH0FNI6T3d1EK&xkcb=SoAo67M3GSibcPWzBx0KbzkdCdPP&fccid=a5b4499d9e91a5c6&vjs=3
31,21,Data Scientist 2,Publicis Groupe,"Bengaluru, Karnataka","₹5,00,000 - ₹10,00,000 a year",,https://in.indeed.com/rc/clk?jk=c9d00230df331f72&bb=-1qP9fcFp3_F3tcu7bc46HeCdxZVhLDm8GvYExKxeZhes89d1_vrbYjyrFssLIMF&xkcb=SoDw67M3GSibcP2zBx0JbzkdCdPP&fccid=beb2b679d6e2402e&vjs=3
32,22,Data Engineer,Finquest,"Bengaluru, Karnataka",,,https://in.indeed.com/rc/clk?jk=ca1bb673acce9e5e&bb=-1qP9fcFp3-SjSTbaOnNiKF3q4SiTl05OQIMZXu8jLEGedHvUQK0ozUNkelMuxVa&xkcb=SoDK67M3GSibcP2zBx0PbzkdCdPP&fccid=bed36d00e772c402&vjs=3
33,23,Data Architect (AC),CGI,"Bengaluru, Karnataka",,,https://in.indeed.com/rc/clk?jk=9afaa73f274f36da&bb=1w_fU32ibQj0mZwM6yZM4EtxlvUHmgvp3a1x5FPHvgGWlQqHuXoY-G2HwUfdUxc-&xkcb=SoBX67M3GSibcOWzBx0LbzkdCdPP&fccid=43a69183767d4301&vjs=3
34,24,Data Scientist,Infosys,"Bengaluru, Karnataka",,,https://in.indeed.com/rc/clk?jk=e1297dcd490c6790&bb=1w_fU32ibQizUZIPp4LflNDtLc0BYZH5cMtWNj04jZ7-8RnscvPx6Ol1eA1dj9Hf&xkcb=SoBE67M3GSibcOWzBx0PbzkdCdPP&fccid=c67533a523c83a4c&vjs=3
35,25,Data Science Open Positions Across Levels and Experience,Citi,"Bengaluru, Karnataka",,,https://in.indeed.com/rc/clk?jk=8618f59d2c38389f&bb=1w_fU32ibQhY2EsLlabGHItfaU1qTm7CbFFEoq8xS9fa7czFQksvu-CQe3z2UC_m&xkcb=SoBt67M3GSibcOWzBx0NbzkdCdPP&fccid=5bcd1ef0a7f4fb99&vjs=3
36,26,Modelling / Data Science - Sr Analyst - Analytics,Merkle,"Bengaluru, Karnataka",,,https://in.indeed.com/rc/clk?jk=62288d596cb0f3e4&bb=9y5ms3CLTcSkdyEmF0KurfgNtwSFy5J-YCJCiNIqAOuGZBoPa23pcR30WZZxdkeU&xkcb=SoCm67M3GSibcO2zBx0KbzkdCdPP&fccid=9de52fa9ca5b17cd&vjs=3
37,27,Data APM/Intern,One Sigma Technologies,"Bengaluru, Karnataka",,,https://in.indeed.com/rc/clk?jk=dc1f1b40d931a004&bb=9y5ms3CLTcR9PqYOryGy_dVYf7bm1J9tVMI_Vff0XsqrgV8akMC5gtn5svDNhKGh&xkcb=SoCP67M3GSibcO2zBx0IbzkdCdPP&fccid=a7bca62c0d6e91c9&vjs=3
38,28,Member Data Analyst,CoStrategix,"Hybrid remote in Bengaluru, Karnataka",,,https://in.indeed.com/rc/clk?jk=3fb7b85bb9f640e1&bb=9y5ms3CLTcSlcfvO-ASmy_YlcHwJolZkMcOfQ3LaYrANXgGFqiubcJs8ErQQuvaW&xkcb=SoC167M3GSibcO2zBx0ObzkdCdPP&fccid=351f799a27db078c&vjs=3
39,29,Data scientist,Applied Cloud Computing,"Bengaluru, Karnataka",,,https://in.indeed.com/rc/clk?jk=ec4245e66988ebd6&bb=ylxIUkUsWZH-HhWgjp2RNvjT-P7sh5-A7UGGVnQytFoGQiMY2F7Y3wFKaSVVx9eQ&xkcb=SoCk67M3GSibcJWzBx0LbzkdCdPP&fccid=4262594b1cad1667&vjs=3
40,30,Data Analyst,Valeo Health,"Bengaluru, Karnataka",,,https://in.indeed.com/rc/clk?jk=f9acadeea6e2d6c3&bb=ylxIUkUsWZGgDgjZkceWUdnEo9ZzN-inUeZy23IYAbeqCpImqz4BOSyEgOTbwRih&xkcb=SoCN67M3GSibcJWzBx0JbzkdCdPP&fccid=4a18d6f6c5a67d1a&cmp=Valeo-health&ti=Data+Analyst&vjs=3
41,31,"SDET - (Data Science, AI/ML background)",Fiddler AI,"Hybrid remote in Bengaluru, Karnataka",,,https://in.indeed.com/rc/clk?jk=c1b2d3298517eb1d&bb=ylxIUkUsWZHzV5oouNyRexifyZZL2NNDJGIEzhnoHvfomExf8PHM_0_fefvZacT0&xkcb=SoC367M3GSibcJWzBx0PbzkdCdPP&fccid=59cafd214a7fe86b&vjs=3
42,32,Data Science Lead,CoffeeBeans Consulting,"Bengaluru, Karnataka",,,https://in.indeed.com/rc/clk?jk=7782c285cda9be43&bb=yuRegF2dqzSqOC94AcS2JuVnX102AcsxnxcS7RPjZRVJ0ByYyL4mlszVqbQqr-2M&xkcb=SoBV67M3GSibcJ2zBx0KbzkdCdPP&fccid=752cbead17e13f9d&vjs=3
43,33,Data Science Data Architect,Accenture,"Bengaluru, Karnataka",,,https://in.indeed.com/rc/clk?jk=0bc25016cbb72e47&bb=yuRegF2dqzSrrKegLKI08iWJbVGtk3BaU13nUbMzbh_gEatwrbzP0v-oSeSl7M3U&xkcb=SoB867M3GSibcJ2zBx0IbzkdCdPP&fccid=a4e4e2eaf26690c9&vjs=3
44,34,Senior Manager- Lead Backend Software Engineer,Capital One,"Bengaluru, Karnataka",,,https://in.indeed.com/pagead/clk?mo=r&ad=-6NYlbfkN0C3j_zLGvpMLCdiZ0WC46XqVTA1VMZzOzKXPhAXwYlrNR2M821dYWEuCwYREswJhDHuvVMV4vVSQtKK9rXxK7k67LN_vow3mgGmDWvX7y1mZ24Pr8K9jC9uApZ8R5-syeAhuZ_gKldRaDXK9FDhTPB2k_lgwX-a3KIoECNTqTXFqzp2l1HHnwvlnLnAXXyvZRlsQAeW3xwS4pr6_bj-EXZ1nLWVfERc2vYjKzjEERlCD1c2DsQduQWzI9AU1dSYZnjfMngyimhUlAn_fx7knzsyCp5nX_wWJl1XbkI4ZW_Ynp1gpcvg9pzIM5kV-kqiNQrKnMKANYk_wzKglI7FdAGA-eRR1nKScKfhDowiZfZIdL1VZ1jHmiVNxOWO04zTTlCSDEzday3YvMhQHYdQykg2maz9enY6CciNYHApLHD5PGjz1ZAXKcrW1xU2vt0XL3OVIPndgIdwhhJAcl6ephp4xTNo6U5w8AUlX-GnxX8_vOji4b_q9aas8WBEFYSZCk9ZpUb32HuVpA9pN6qWRyCn4NPT7mL_6zdWib9kbezi76PiRYloECD5P8g71Bfm0gIocCH1D0o_gsbMEZWloV5NUpsOwQiFMvqAXm1cjXHxt1XjmRKFLftN4dCfvHJga33OvlCWvq_rEzANF1A7j7FS-YlCr6x0PYSPpzX42ddyKD11o-mAFt8HWJtiN69QpzIRLlxw2bmHGCaTJ_tGAXgxeAg9DEXlNFQ4GkOSHOQG3KeW-PqyQRx-mBOefwIlBAEUsNNSzxHaXfegC1pxevKUm5B72WHHrzvaB6KmLj0UPg==&xkcb=SoDH6_M3GSibc9wHAJ0FbzkdCdPP&p=14&fvj=0&vjs=3
45,30,Data Engineer,INTEL,"Hybrid remote in Bengaluru, Karnataka","₹15,00,000 - ₹30,00,000 a year",Full-time,https://in.indeed.com/rc/clk?jk=df702228405f78cf&bb=qCHCQmMz6IrVp2Hx_MklFUWGLmOS20qqhTqTnHIVktU_RuQpyhmmk5Rhun6Q7JWQ&xkcb=SoDx67M3GSibLMAH_z0JbzkdCdPP&fccid=936367796261bd6e&vjs=3
46,31,ML Engineer,IIE Network,"Bengaluru, Karnataka","₹10,000 a month",Full-time,https://in.indeed.com/rc/clk?jk=2cca1e0a414410a9&bb=qCHCQmMz6IoG_DWjHWuTsm4MWQwWTQYVSeIxe9Vf16PFnzVkv36cBBwgOhDWEMxi&xkcb=SoDi67M3GSibLMAH_z0NbzkdCdPP&fccid=6609afceff987ced&cmp=IIE-Network&ti=Engineer&vjs=3
47,32,Software Engineer - Data Science,ABB,"Bengaluru, Karnataka","₹3,60,000 a year",Full-time,https://in.indeed.com/rc/clk?jk=4c7b582cbf6867c9&bb=IGuGzaPA45wLtMFkV_stbTmeK8uO_hzPkKNXDgCbC4Uco4LnwMqmlQJM_UjICAyH&xkcb=SoAp67M3GSibLMgH_z0KbzkdCdPP&fccid=38b4474838e7b7a1&vjs=3
48,33,Team Lead - Data Science,Lilly,"Bengaluru, Karnataka",,Full-time,https://in.indeed.com/rc/clk?jk=1f4020538508918e&bb=IGuGzaPA45w_JJeWAStOtNDjVTAMsB4KALclQERz8UY0sed7efKhvM_pW4m8ZoNa&xkcb=SoAA67M3GSibLMgH_z0IbzkdCdPP&fccid=ac8d156b339793e6&vjs=3
49,34,Data Engineer Intern,Happymonk Technology Pvt Ltd,"Bengaluru, Karnataka",,Full-time,https://in.indeed.com/rc/clk?jk=7c76129482576f5d&bb=52pWPt9lEoNBXP8KKqhqJ1XfGXHyjdvlIjnUxVrzrLIHrbPC4NCnnhCHTg00dQJx&xkcb=SoA667M3GSibLMgH_z0ObzkdCdPP&fccid=6ab836ced2b551d5&cmp=Happymonk-Technology-Pvt-Ltd&ti=Data+Engineer&vjs=3
50,35,Data Science,Globussoft Technologies,"Koramangala, Bengaluru, Karnataka",,Full-time,https://in.indeed.com/rc/clk?jk=87a38e048bc40e5e&bb=52pWPt9lEoMQr6hgIZIzhw5xLWsASUnqskhMtp6wL_bSSZN_MsdN-kTTtCk-k3QY&xkcb=SoDt67M3GSibLPAH_z0JbzkdCdPP&fccid=9b58c0acb36ad6d6&vjs=3
51,36,Data Science Consultant,Blue Yonder,"Bengaluru, Karnataka",,Full-time,https://in.indeed.com/rc/clk?jk=7c04a832dd78069c&bb=52pWPt9lEoPHnYsz58VS_UhU9Ng3Y6HLxHmoWQiQ44Sh88j0bV-roq3f-bach-Vq&xkcb=SoBj67M3GSibLPAH_z0ObzkdCdPP&fccid=331ee4ee7383c9eb&vjs=3
52,37,Associate Consultant-Data Science,Trinity Life Sciences,"Bengaluru, Karnataka",,Full-time,https://in.indeed.com/rc/clk?jk=a2ddb3b7240f50c9&bb=YOflAkhmqU-4cDcgYrs64WACuDq9EiRetpYRNPW2tJUVqmkARuKE4Q36kcPr_mXi&xkcb=SoBK67M3GSibLPAH_z0MbzkdCdPP&fccid=f48c5f1321185846&vjs=3
53,38,Data Analytics - Women only,Her Second Innings,"Bengaluru, Karnataka",,Full-time,https://in.indeed.com/rc/clk?jk=914bacebb1e9dff0&bb=YOflAkhmqU8Xa0RID940VKNRNxbFRbX6vAhipetGp1ImCeRcw0mayANimf85unPt&xkcb=SoA167M3GSibLPgH_z0KbzkdCdPP&fccid=694d9cb131e080cd&vjs=3
54,39,Data Analyst,Infifresh Foods,"Bengaluru, Karnataka",,Full-time,https://in.indeed.com/rc/clk?jk=9eb9f69b2d0b0fc7&bb=YOflAkhmqU8TprzwsX9wTOmMxtBTN6Nt-5pOenuaPa5QXWp7NhJp46qUeBoNrjuW&xkcb=SoAc67M3GSibLPgH_z0IbzkdCdPP&fccid=dd3fdabe6e9ec22d&vjs=3
55,40,Senior Manager- Lead Backend Software Engineer,Capital One,"Bengaluru, Karnataka",,Full-time,https://in.indeed.com/pagead/clk?mo=r&ad=-6NYlbfkN0C3j_zLGvpMLCdiZ0WC46XqVTA1VMZzOzKXPhAXwYlrNR2M821dYWEuCwYREswJhDHuvVMV4vVSQtKK9rXxK7k67LN_vow3mgGmDWvX7y1mZ24Pr8K9jC9uApZ8R5-syeAhuZ_gKldRaDXK9FDhTPB2k_lgwX-a3KIoECNTqTXFqzp2l1HHnwvlnLnAXXyvZRlsQAeW3xwS4pr6_bj-EXZ1nLWVfERc2vYjKzjEERlCD1c2DsQduQWzI9AU1dSYZnjfMngyimhUlAn_fx7knzsyCp5nX_wWJl1XbkI4ZW_Ynp1gpcvg9pzIM5kV-kqiNQrKnMKANYk_wzKglI7FdAGA-eRR1nKScKfhDowiZfZIdL1VZ1jHmiVNxOWO04zTTlB5EmFf1y2GLySt-JGn1-oeGQKKXdSRTAEeVkdZLGljJb7dI71gT0UCwXxeSIFijXoa3P7RvYRR51wtvdOsFJxX0mzU1OR0ACE6u3JVxtLC5J5uJ53WbWrnAhx21ZxkeXArVd_N1nkPu8kSDFH1lPf0DgxT6P4ipFNSm4prUCofA8q5pg_GvRNtNNZktKkIJGI6BHqcGR8wmmYbmmCxmO3vP8cWggEqNjWDjYWvmzJzCDAghESLTPP2qG4TLJM_u4WVCwt4fJJxP-Ibg20ENM-FJyiDswuC7E4_ZtltKW8SeBlK_7S824Klcim2T2GPwkthhnbh7ACscnufq2vJkhKyxewhat-21QHx2I06NMSq1sAOW7LyOpRhCvgVQFy7ou2Cxo0XwMDPITaqlzRHWhYw_spOGE8lFgXvA1zIbAv4OQ==&xkcb=SoDt6_M3GSibL7wsW50BbzkdCdPP&p=10&fvj=0&vjs=3
56,41,IT Data Analytic Architect - Biopharma Commercial,Merck KGaA Darmstadt Germany,"Bengaluru, Karnataka",,Full-time,https://in.indeed.com/rc/clk?jk=2afcd71d419b3bd8&bb=3B_-9oc2dN_vmxEqzLQZbQMpXGwAFeCa8OkWAeK7z0jgBHhP_uwc-oHB_h6-r88u&xkcb=SoAm67M3GSibLOAH_z0JbzkdCdPP&fccid=68d0e0954a811351&vjs=3
57,42,Data Science Researcher,Dolby,"Bengaluru, Karnataka",,Full-time,https://in.indeed.com/rc/clk?jk=57ddccbd81926399&bb=3B_-9oc2dN89Ck4F63Yo5vFwtlntlEfr7t5BUVK_G4XoI2eT7WlLaB_AKXv8n9Ym&xkcb=SoAc67M3GSibLOAH_z0PbzkdCdPP&fccid=5dd80d97ea739284&vjs=3
58,43,"Senior Manager, Data Science, Service Enablement Analytics",Atlassian,"Remote in Bengaluru, Karnataka",,Full-time,https://in.indeed.com/rc/clk?jk=d06fe84b6e2e594a&bb=3B_-9oc2dN_HFUpPsoq8Wr6zxxx1nK-5gMUp_yEu5dBD4VOLmMyFVFzPF_nsDnkr&xkcb=SoBo67M3GSibLOAH_z0DbzkdCdPP&fccid=e6d4ba9e2cfe7902&vjs=3
59,44,Software Engineer (Data Science),Universal Electronics Inc.,"Hybrid remote in Bengaluru, Karnataka",,Full-time,https://in.indeed.com/rc/clk?jk=5dbf8cc1d774de60&bb=954Y7kaStcn_nYkuiKgYM_1vWYOLQoRVWciK6G7HZHrYWfTfzZTflf-AUr-2V5Q9&xkcb=SoD-67M3GSibLOgH_z0KbzkdCdPP&fccid=5cab19b8c61df561&vjs=3
60,40,Data Engineer (Scala & Kafka),Pluralsight,"Bengaluru, Karnataka","₹20,00,000 - ₹34,00,000 a year",Permanent,https://in.indeed.com/rc/clk?jk=afb5fb9d656a1e05&bb=I6KrzWmzblloMfBuu_EznCHTKaclCXOWrByfsSC-WqNu4tEX9fWsvhW9wpftIYsF&xkcb=SoAZ67M3GSiavtwNA50LbzkdCdPP&fccid=51dc2e5aecda9e29&cmp=Pluralsight&ti=Data+Engineer&vjs=3
61,41,Data Engineer II,Flipkart,"Bengaluru, Karnataka","₹600 - ₹1,200 an hour",Permanent,https://in.indeed.com/rc/clk?jk=10b9e9456200cdbe&bb=I6KrzWmzblk_aZ_oxsYI-VtN4nDtdNuyhmYEdgubZ2HISsaJyVP5eAYWo_O8yXDH&xkcb=SoAw67M3GSiavtwNA50JbzkdCdPP&fccid=c8e55b1b92c9854c&vjs=3
62,42,Support Escalation Management,Microsoft,"Bengaluru, Karnataka","₹9,10,722.13 - ₹22,02,052.25 a year",Permanent,https://in.indeed.com/rc/clk?jk=7d3119bdc371cb6b&bb=kmAByCrEl81oQ6O5r9Kau0bagGOJyeT82Vj0Ngy7X-qLnluJ0XU2Q-6lteTLVP_v&xkcb=SoAj67M3GSiavsQNA50KbzkdCdPP&fccid=734cb5a01ee60f80&vjs=3
63,43,Software Developer,CarVach,"Hybrid remote in Bengaluru, Karnataka","₹60,00,000 a year",Permanent,https://in.indeed.com/rc/clk?jk=682fe3f81dbde193&bb=kmAByCrEl80tfXj4qlQaFRq17B7-bWXlmpOWtU3l_t7FNh_aLFPu_iVYulupsIM9&xkcb=SoAK67M3GSiavsQNA50IbzkdCdPP&fccid=8396df3c8a824c47&cmp=CarVach&ti=Software+Engineer&vjs=3
64,44,Lead Data Scientist,Codecraft Technologies Pvt Ltd,"Bengaluru, Karnataka",,Permanent,https://in.indeed.com/rc/clk?jk=1a1f2f1a90a967c6&bb=IaWq3LjIo8DUAjsg5XGyg11UYuxpPEWvxZk7dB2qIC7KsN-DR0ajaTQFJaHu_fWw&xkcb=SoBm67M3GSiavswNA50KbzkdCdPP&fccid=dbb4d1f990b248fe&cmp=CodeCraft-Technologies&ti=Lead+Data+Scientist&vjs=3
65,45,Consultant - Japan Data Reporting & Visualization,Lilly,"Bengaluru, Karnataka",,Permanent,https://in.indeed.com/rc/clk?jk=603d4d25569b3393&bb=IaWq3LjIo8Bq3RJr1vrAmnpe59E09BGjxU0yhWy5QzmBPbiErRE9E-J7tcgIwFZQ&xkcb=SoBP67M3GSiavswNA50IbzkdCdPP&fccid=ac8d156b339793e6&vjs=3
66,46,USCA - C10 - Data Science,Citi,"Bengaluru, Karnataka",,Permanent,https://in.indeed.com/rc/clk?jk=f9f6c3d3653b1ed1&bb=R-PK_TSTNOcCdKuViy6qL_XM1W57wcLdX39ghl2a1Te1EuthHGOdWdw_saj-AWAz&xkcb=SoA_67M3GSiavvQNA50KbzkdCdPP&fccid=5bcd1ef0a7f4fb99&vjs=3
67,47,Data Visualisation Developer / BI Developer - Chase,JPMorgan Chase & Co,"Outer Ring Road, Karnataka",,Permanent,https://in.indeed.com/rc/clk?jk=5b62f707fabec5de&bb=R-PK_TSTNOffAmW6ZYSRaU7gC8S4Gsyw2-GUsUyBwkxUag-MPr6e5JIDfSYku7_e&xkcb=SoCY67M3GSiavvQNA50PbzkdCdPP&fccid=c46d0116f6e69eae&vjs=3
68,48,Data Scientist 1,CommerceIQ,"Bengaluru, Karnataka",,Permanent,https://in.indeed.com/rc/clk?jk=ac687835c1be9b8e&bb=R-PK_TSTNOd0rCMCpAqhtB-Yq377O7iDEylSwf4Y657S415dG_ZZwEj8sHCRFzhR&xkcb=SoCx67M3GSiavvQNA50NbzkdCdPP&fccid=df84176f213ae27b&vjs=3
69,49,Data Scientist,RARR Technologies Pvt Ltd,"Bengaluru, Karnataka",,Permanent,https://in.indeed.com/rc/clk?jk=fbed5f74a99c8c9b&bb=wQ1Hbkjr6zzuUjkOZYYZYms1V16WuYYwnmKz944vei3h_2b-n3CoqbJ6El5v09dY&xkcb=SoDn67M3GSiavvwNA50JbzkdCdPP&fccid=15a9c673cb58ab09&vjs=3
70,50,Data Scientist,Oracle,"Bengaluru, Karnataka",,Permanent,https://in.indeed.com/rc/clk?jk=f91c29eb32a6fbf4&bb=wQ1Hbkjr6zyM3Z5I7u-lp6T4X_i5i0L1oqrJwE5eoILDK4lU4SHHjo7JveG90pIy&xkcb=SoDd67M3GSiavvwNA50PbzkdCdPP&fccid=cd22d01053af7669&vjs=3
71,51,Senior Manager- Lead Backend Software Engineer,Capital One,"Bengaluru, Karnataka",,Permanent,https://in.indeed.com/pagead/clk?mo=r&ad=-6NYlbfkN0C3j_zLGvpMLCdiZ0WC46XqVTA1VMZzOzKXPhAXwYlrNR2M821dYWEuCwYREswJhDHuvVMV4vVSQtKK9rXxK7k67LN_vow3mgGmDWvX7y1mZ24Pr8K9jC9uApZ8R5-syeAhuZ_gKldRaDXK9FDhTPB2k_lgwX-a3KIoECNTqTXFqzp2l1HHnwvlnLnAXXyvZRlsQAeW3xwS4pr6_bj-EXZ1nLWVfERc2vYjKzjEERlCD1c2DsQduQWzI9AU1dSYZnjfMngyimhUlAn_fx7knzsyCp5nX_wWJl1XbkI4ZW_Ynp1gpcvg9pzIM5kV-kqiNQrKnMKANYk_wzKglI7FdAGA-eRR1nKScKfhDowiZfZIdL1VZ1jHmiVNxOWO04zTTlCbD7u4FIjHdgrpij5bb6gbA0EKBjkWyyARxg7X0omshgbzKStWi01ZtkOe0-iKyH4lBb2CFqlPgo2jbeq_Lk1NZvq56CYlOiCTh8uMek1vb-_WRcLKSkmu8KMSBZcmf2AYtkdshH3vgZ9oqIeYYRw6iqSvXGW3IG0y8GKzJBwmJR20QVKQrgNo1JziV1adz8qKLCE2E1sB2hznxssre-6j0ld5F3lbgR3XUecngokYBNviAyUGG7jI5_1Cvmp5huD7CLDPqJiMObyMPv0RKuVrfxuXaRcmRHqHxSDDMSbbC-VGeUXu_5vy_ZVfN5en8aZ50FsEBhS6l2IO5deTQUmz-8rtm_B8oDoKafSeHgv4trCaYXuzABfcCVjEl2Pg623VXvFBwqA-9ZgUlPjapRC_o3VfHbXB2dGNqBOFcS361g==&xkcb=SoDp6_M3GSiaubQHAJ0AbzkdCdPP&p=11&fvj=0&vjs=3
72,52,Data Scientist,Magna International Inc.,"Bengaluru, Karnataka",,Permanent,https://in.indeed.com/rc/clk?jk=de79de57bd0e984d&bb=d1cZqQdGK7msb4L6RlnG8B-InW2B5QJz_HUmSjmCdI6nj_dQtl86DgjoHR8JdnDS&xkcb=SoBA67M3GSiavuQNA50LbzkdCdPP&fccid=254ad00cf333484f&vjs=3
73,53,Business Analyst - Data Science,PayU,"Bengaluru, Karnataka",,Permanent,https://in.indeed.com/rc/clk?jk=bc6f5e06bc77f2ff&bb=d1cZqQdGK7mJR-e1EhDnV3colwsP7Cin3QRDAm_aCQrgOoRl6OTIi9e9GOH0hoTR&xkcb=SoBp67M3GSiavuQNA50JbzkdCdPP&fccid=c1bec49d1ea92b43&vjs=3
74,54,Manager Data Science,Epsilon,"Bengaluru, Karnataka",,Permanent,https://in.indeed.com/rc/clk?jk=0f750b13b7ad316d&bb=tEjaS5GlUPyX5D40Pe6iV1ztZ4j3fRAp3qn5FblNK2qAGVvqCiqwxa1UrizXxjfg&xkcb=SoAF67M3GSiavuwNA50LbzkdCdPP&fccid=beb2b679d6e2402e&vjs=3
